chrom	start	end	svid	svtype	size	asmForce	pbForce	genoType	valid	bkpt	190	191	193	datatypes	rsids	callids	varanno	geneanno	genefeatanno	gapanno	irys
3	144693111	144693237	2045	DEL	127	False[|3:144693111-144693237(DEL)126]	True[|3:144693111-144693237(DEL)131]	0/1	7	-	-	-	-	ILL,PAC	7,2,8,4	27953,14098,31469,20334	[2045,123469,3,144693108,144693265,esv2726013,Deletion,DEL,126,0.802547770701][2045,123470,3,144693110,144693235,esv1009481,Deletion,DEL,124,0.984126984127][2045,123471,3,144693110,144693236,esv2662197,Deletion,DEL,125,0.992063492063][2045,123472,3,144693112,144693237,nsv236967,Loss,DEL,125,0.992063492063]	.	.	[2045,207,3,194041961,194047251,contig,49348724]	-
3	85597371	85597385	18116	INS	945	False[|3:85597371-85597385(INS)932]	False[|3:85597371-85597385(INS)940]	1/1/2014	5	-	-	-	-	ILL	7	29209	.	[18116,13258,3,85008132,86123579,CADM2,14,1.25510221463e-05,id=ENSG00000175161]	.	[18116,206,3,90504854,93504854,centromere,4907469]	-
3	146390405	146395165	2046	INS	4761	True[3:146390404-146395165(INS)4761|]	True[|]	0/0	4	-	-	-	-	ILL	3,2,4,7	17914,14101,24230,29405	.	.	.	[2046,207,3,194041961,194047251,contig,47646796]	-
3	148479388	148499216	1177	MIS	19882	True[3:148478429-148500167(INV)21738|]	?[|]	./.	4	-	-	-	-	ILL	3,3,4,0,0	18368,18369,23212,1253,1254	.	.	.	[1177,207,3,194041961,194047251,contig,45542745]	-
3	148479388	148499216	1177	MIS	19882	True[3:148478429-148500167(INV)21738|]	?[|]	./.	0	-	-	-	-	ILL	3,3,4,0,0	18368,18369,23212,1253,1254	.	.	.	[1177,207,3,194041961,194047251,contig,45542745]	-
3	148479388	148499216	1177	MIS	19882	True[3:148478429-148500167(INV)21738|]	?[|]	./.	1	-	-	-	-	ILL	3,3,4,0,0	18368,18369,23212,1253,1254	.	.	.	[1177,207,3,194041961,194047251,contig,45542745]	-
3	148479388	148499216	1177	MIS	19882	True[3:148478429-148500167(INV)21738|]	?[|]	./.		-	-	-	-	ILL	3,3,4,0,0	18368,18369,23212,1253,1254	.	.	.	[1177,207,3,194041961,194047251,contig,45542745]	-
3	148479388	148499216	1177	MIS	19882	True[3:148478429-148500167(INV)21738|]	?[|]	./.	foo	-	-	-	-	ILL	3,3,4,0,0	18368,18369,23212,1253,1254	.	.	.	[1177,207,3,194041961,194047251,contig,45542745]	-
3	148479388	148499216	1177	MIS	19882	True[3:148478429-148500167(INV)21738|]	?[|]	./.	4	-	-	-	-	NOPE	3,3,4,0,0	18368,18369,23212,1253,1254	.	.	.	[1177,207,3,194041961,194047251,contig,45542745]	-
3	148479388	148499216	1177	MIS	19882	True[3:148478429-148500167(INV)21738|]	?[|]	./.	4	-	-	-	-		3,3,4,0,0	18368,18369,23212,1253,1254	.	.	.	[1177,207,3,194041961,194047251,contig,45542745]	-
X	10000	10999	1	INS	1000	False[|3:85597371-85597385(INS)932]	False[|3:85597371-85597385(INS)940]	1/1/2014	5	-	-	-	-	ILL	7	29209	.	[18116,13258,3,85008132,86123579,CADM2,14,1.25510221463e-05,id=ENSG00000175161]	.	[18116,206,3,90504854,93504854,centromere,4907469]	-
X	8099	9098	2	INS	1000	False[|3:85597371-85597385(INS)932]	False[|3:85597371-85597385(INS)940]	1/1/2014	5	-	-	-	-	ILL	7	29209	.	[18116,13258,3,85008132,86123579,CADM2,14,1.25510221463e-05,id=ENSG00000175161]	.	[18116,206,3,90504854,93504854,centromere,4907469]	-
Y	85597372	85597499	3	INS	127	False[|3:85597371-85597385(INS)932]	False[|3:85597371-85597385(INS)940]	1/1/2014	5	-	-	-	-	ILL	7	29209	.	[18116,13258,3,85008132,86123579,CADM2,14,1.25510221463e-05,id=ENSG00000175161]	.	[18116,206,3,90504854,93504854,centromere,4907469]	-
